<?xml version="1.0" encoding="UTF-8"?>
<addon id="repository.mosestyle" name="Mosestyle Kodi Repo" version="1.0.0" provider-name="Mosestyle">
  <requires>
    <import addon="xbmc.addon" version="12.0.0"/>
  </requires>
  <extension point="xbmc.addon.repository" name="Mosestyle Kodi Repo">
    <dir>
      <info compressed="false">https://raw.githubusercontent.com/mosestyle/kodi/master/repo/zips/addons.xml</info>
      <checksum>https://raw.githubusercontent.com/mosestyle/kodi/master/repo/zips/addons.xml.md5</checksum>
      <datadir zip="true">https://raw.githubusercontent.com/mosestyle/kodi/master/repo/zips/</datadir>
    </dir>
  </extension>
  <extension point="xbmc.addon.metadata">
    <summary>Mosestyle Kodi Repository</summary>
    <description>Add-ons maintained by Mosestyle.</description>
    <platform>all</platform>
  </extension>
</addon>
